Create table Driver (												
	DriverID int NOT NULL,											
	DriverFirstName varchar(40) NOT NULL,											
	DriverLastName varchar(30) NOT NULL,											
	DriverCompany varchar(20) NOT NULL,											
	DriverGender char(1) NOT NULL,											
	DriverState varchar(20) NOT NULL,											
	PRIMARY KEY (DriverID,DriverCompany));											
Insert into Driver values												
(11111, 'Smith ', 'Jack ', 'Uber ', 'M', 'Alabama');												
Insert into Driver values												
(11112, 'George ','Clooney ', 'Uber ', 'M', 'New York');												
Insert into Driver values												
(11113, 'Laura ','Sagnier ', 'Uber ', 'F', 'California');												
Insert into Driver values												
(11114, 'Michael ' ,'Phelps ', 'Uber ', 'M', 'New York');												
Insert into Driver values												
(11115, 'Gong ','Li ', 'Uber ', 'F', 'Georgia');												
Insert into Driver values												
(11116, 'Anushka ','Sharma ', 'Lyft ', 'F', 'California');												
Insert into Driver values												
(11117, 'Mahendra ','Dhoni ', 'Lyft ', 'M', 'Florida');												
Insert into Driver values												
(11118, 'Usain ','Bolt ', 'Lyft ', 'M', 'Alabama');												
Insert into Driver values												
(11119, 'Sofia ','Vergara ', 'Lyft ', 'F', 'Florida');												
Insert into Driver values												
(11120, 'Lisa ', 'Sanders ', 'Lyft ', 'F', 'Georgia');												
Insert into Driver values												
(11141, 'SuiBao', 'Xie ', 'Uber ', 'M', 'New York');												
Insert into Driver values												
(11142, 'Binghua ','Wang ', 'Uber ', 'M', 'Florida');												
Insert into Driver values												
(11143, 'Lijian ','Wang ', 'Uber ', 'F', 'Florida');												
Insert into Driver values												
(11144, 'GuiFong ' ,'Li ', 'Uber ', 'M', 'New York');												
Insert into Driver values												
(11145, 'Qian ','Li ', 'Uber ', 'F', 'Tennessee');												
Insert into Driver values												
(11146, 'Jie ','Huang ', 'Lyft ', 'F', 'California');												
Insert into Driver values												
(11147, 'WenChan ','Zheng ', 'Lyft ', 'M', 'Tennessee');												
Insert into Driver values												
(11148, 'FuXiong ','Sheng ', 'Lyft ', 'M', 'Alabama');												
Insert into Driver values												
(11149, 'Liming ','Yao', 'Lyft ', 'F', 'Tennessee');												
Insert into Driver values												
(11150, 'Yukong ', 'Zou ', 'Lyft ', 'F', 'Georgia');												
Insert into Driver values												
(11151, 'Huaixuan ', 'Gu ', 'Uber ', 'M', 'Alabama');												
Insert into Driver values												
(11152, 'Wenxiong ','Liu', 'Uber ', 'M', 'Alabama');												
Insert into Driver values												
(11153, 'Liwen ','Zheng ', 'Uber ', 'F', 'Tennessee');												
Insert into Driver values												
(11154, 'Zhengwu ' ,'Xie ', 'Uber ', 'M', 'New York');												
Insert into Driver values												
(11155, 'Ge ','Li ', 'Uber ', 'F', 'Tennessee');												
Insert into Driver values												
(11156, 'Hongyan ','Guo ', 'Lyft ', 'F', 'California');												
Insert into Driver values												
(11157, 'Bingbing ','Dhoni ', 'Lyft ', 'M', 'Alabama');												
Insert into Driver values												
(11158, 'Bing ','Tang ', 'Lyft ', 'M', 'Alabama');												
Insert into Driver values												
(11159, 'Bingbing ','Li ', 'Lyft ', 'F', 'Florida');												
Insert into Driver values												
(11160, 'Bing ', 'Huang ', 'Lyft ', 'F', 'Georgia');												
Insert into Driver values												
(11161, 'Sachin ', 'Singh ', 'Uber ', 'M', 'Alabama');												
Insert into Driver values												
(11162, 'Sourav ','Ganguly ', 'Uber ', 'M', 'New York');												
Insert into Driver values												
(11163, 'Mithali ','Raj ', 'Uber ', 'F', 'California');												
Insert into Driver values												
(11164, 'Yuvraj ' ,'Singh ', 'Uber ', 'M', 'Georgia');												
Insert into Driver values												
(11165, 'Sunil ','Gavaskar ', 'Uber ', 'M', 'California');												
Insert into Driver values												
(11166, 'Yogita ','Saluja ', 'Lyft ', 'F', 'Florida');												
Insert into Driver values												
(11167, 'Jayant ','Yadav ', 'Lyft ', 'M', 'Tennessee');												
insert into Driver values												
(11168, 'Mohammed ','Kaif', 'Lyft ', 'M', 'Florida');												
Insert into Driver values												
(11169, 'Sania ','Nehwal ', 'Lyft ', 'F', 'Georgia');												
Insert into Driver values												
(11170, 'Pooja ', 'Joshi ', 'Lyft ', 'F', 'Alabama');												
Insert into Driver values												
(11171, 'Suresh ', 'Raina ', 'Uber ', 'M', 'Tennessee');												
Insert into Driver values												
(11172, 'Venky ','Prasad ', 'Uber ', 'M', 'Florida');												
Insert into Driver values												
(11173, 'Kristy ','Baxter ', 'Uber ', 'F', 'California');												
insert into Driver values												
(11174, 'Mhd ' ,'Azhar ', 'Uber ', 'M', 'New York');												
Insert into Driver values												
(11175, 'Sonia ','Gandhi', 'Uber ', 'F', 'Tennessee');												
Insert into Driver values												
(11176, 'Harmanpreet ','Kaur ', 'Lyft ', 'F', 'Alabama');												
Insert into Driver values												
(11177, 'Virat ','Kohli ', 'Lyft ', 'M', 'Georgia');												
insert into Driver values												
(11178, 'Kapil ','Dev ', 'Lyft ', 'M', 'Georgia');												
Insert into Driver values												
(11179, 'Sania ','Mirza ', 'Lyft ', 'F', 'New York');												
Insert into Driver values												
(11180, 'Country ', 'Rice ', 'Lyft ', 'F', 'California');												
Insert into Driver values												
(11121, 'Harmanpreet ', 'Singh ', 'Uber ', 'M', 'New York');												
Insert into Driver values												
(11122, 'Rupinder ','Singh ', 'Uber ', 'M', 'California');												
Insert into Driver values												
(11123, 'Kothajit ','Singh ', 'Uber ', 'M', 'Tennessee');												
Insert into Driver values												
(11124, 'Surender ' ,'Kumar ', 'Uber ', 'M', 'Florida');												
Insert into Driver values												
(11125, 'Manpreet ','Singh ', 'Uber ', 'M', 'California');												
Insert into Driver values												
(11126, 'Danish ','Mujtaba ', 'Lyft ', 'M', 'Alabama');												
Insert into Driver values												
(11127, 'Devinder ','Walmiki ', 'Lyft ', 'M', 'New York');												
Insert into Driver values												
(11128, 'Akashdeep ','Singh ', 'Lyft ', 'M', 'Georgia');												
Insert into Driver values												
(11129, 'Nikkin ','Thimmaiah ', 'Lyft ', 'M', 'Florida');												
Insert into Driver values												
(11130, 'Zainab ', 'Abbas ', 'Lyft ', 'F', 'Alabama');												
Insert into Driver values												
(11131, 'Nameera ', 'Khan ', 'Uber ', 'F', 'Georgia');												
insert into Driver values												
(11132, 'Sharon ','Rajan ', 'Uber ', 'F', 'California');												
Insert into Driver values												
(11133, 'Bachendri ','Pal ', 'Uber ', 'F', 'Alabama');												
Insert into Driver values												
(11134, 'Rajni ' ,'Arora ', 'Uber ', 'F', 'Florida');												
Insert into Driver values												
(11135, 'Nikita ','Sharma ', 'Uber ', 'F', 'Tennessee');												
Insert into Driver values												
(11136, 'Richa ','Yadav ', 'Lyft ', 'F', 'New York');												
Insert into Driver values												
(11137, 'Aakriti ','Chopra ', 'Lyft ', 'F', 'Tennessee');												
insert into Driver values												
(11138, 'Mrinalini ','Dey ', 'Lyft ', 'F', 'Georgia');												
Insert into Driver values												
(11139, 'Ankita ','Kriplani ', 'Lyft ', 'F', 'Florida');												
Insert into Driver values												
(11140, 'Koyal ', 'Vasvani ', 'Lyft ', 'F', 'Alabama');												
Insert into Driver values												
(11181, 'SuiBao', 'Ye ', 'Uber ', 'M', 'Alabama');												
Insert into Driver values												
(11182, 'Binghua ','Feng ', 'Uber ', 'M', 'Florida');												
Insert into Driver values												
(11183, 'Lijian ','Fang ', 'Uber ', 'F', 'New York');												
Insert into Driver values												
(11184, 'GuiFong ' ,'Xiao', 'Uber ', 'M', 'Georgia');												
Insert into Driver values												
(11185, 'Qian ','Zhao ', 'Uber ', 'F', 'Tennessee');												
Insert into Driver values												
(11186, 'Jie ','Dong ', 'Lyft ', 'F', 'California');												
Insert into Driver values												
(11187, 'WenChan ','Song ', 'Lyft ', 'M', 'New York');												
Insert into Driver values												
(11188, 'FuXiong ','Luan ', 'Lyft ', 'M', 'Tennessee');												
Insert into Driver values												
(11189, 'Liming ','Li', 'Lyft ', 'F', 'New York');												
Insert into Driver values												
(11190, 'Yukong ', 'Xu', 'Lyft ', 'F', 'New York');												
Insert into Driver values												
(11191, 'Huaixuan ', 'Han ', 'Uber ', 'M', 'Alabama');												
Insert into Driver values												
(11192, 'Wenxiong ','Xie', 'Uber ', 'M', 'Georgia');												
Insert into Driver values												
(11193, 'Liwen ','Sheng ', 'Uber ', 'F', 'Florida');												
Insert into Driver values												
(11194, 'Zhengwu ' ,'Song ', 'Uber ', 'M', 'New York');												
Insert into Driver values												
(11195, 'Ge ','Xiao ', 'Uber ', 'F', 'California');												
Insert into Driver values												
(11196, 'Hongyan ','Xi ', 'Lyft ', 'F', 'California');												
Insert into Driver values												
(11197, 'Bingbing ','Li ', 'Lyft ', 'M', 'Alabama');												
Insert into Driver values												
(11198, 'Bing ','Ji ', 'Lyft ', 'M', 'Florida');												
Insert into Driver values												
(11199, 'Bingbing ','Huang ', 'Lyft ', 'F', 'Florida');												
Insert into Driver values												
(111200, 'Bing ', 'Zhang ', 'Lyft ', 'F', 'Tennessee');												
Insert into Driver values												
(11111, 'Smith ', 'Jack ', 'Lyft ', 'M', 'Alabama');												
Insert into Driver values												
(11112, 'George ','Clooney ', 'Lyft ', 'M', 'New York');												
Insert into Driver values												
(11113, 'Laura ','Sagnier ', 'Lyft ', 'F', 'California');												
Insert into Driver values												
(11114, 'Michael ' ,'Phelps ', 'Lyft ', 'M', 'New York');												
Insert into Driver values												
(11115, 'Gong ','Li ', 'Lyft ', 'F', 'Georgia');												
Insert into Driver values												
(11116, 'Anushka ','Sharma ', 'Uber ', 'F', 'California');												
Insert into Driver values												
(11117, 'Mahendra ','Dhoni ', 'Uber ', 'M', 'Florida');												
Insert into Driver values												
(11118, 'Usain ','Bolt ', 'Uber ', 'M', 'Alabama');												
Insert into Driver values												
(11119, 'Sofia ','Vergara ', 'Uber ', 'F', 'Florida');												
Insert into Driver values												
(11120, 'Lisa ', 'Sanders ', 'Uber ', 'F', 'Georgia');												
												
												
CREATE TABLE Passenger (												
	PassengerID INT NOT NULL,											
	PLastName VARCHAR(30) NOT NULL,											
	PFirstName VARCHAR(20) NOT NULL,											
	PGender CHAR(1) NOT NULL,											
	PState VARCHAR(20) NOT NULL,											
	PCreditCardNo VARCHAR(23) NOT NULL,											
	PEmail VARCHAR(40) NOT NULL,											
	PPhoneNUmber VARCHAR(15) NOT NULL,											
	PRIMARY KEY (PassengerID));											
												
												
INSERT INTO Passenger VALUES												
(1001,'Ronaldo','Cristiano','M','Georgia','1000-2000-3000-4000','c.ronaldo@gmail.com','+1(444)414-9576');												
INSERT INTO Passenger VALUES												
(1002,'Kohli','Virat','M','Tennessee','4000-7000-2000-9000','v.kohli@gmail.com','+1(658)081-7511');												
INSERT INTO Passenger VALUES												
(1003,'Chopra','Priyanka','F','New York','5000-0000-4000-3000','p.chopra@gmail.com','+1(938)277-1059');												
INSERT INTO Passenger VALUES												
(1004,'Shivangi','Shroff','F','California','1234-2489-7000-4105','s.shroff@gmail.com','+1(100)495-1993');												
INSERT INTO Passenger VALUES												
(1005,'Gupta','Mukhar','M','Florida','1100-2678-3049-4943','m.gupta@gmail.com','+1(602)958-1856');												
INSERT INTO Passenger VALUES												
(1006,'Vohra','Varun','M','Georgia','1943-2867-3972-4958','v.vohra@gmail.com','+1(203)962-0481');												
INSERT INTO Passenger VALUES												
(1007,'Sharma','Anusha','F','Alabama','1932-2787-3001-4011','a.sharma@gmail.com','+1(106)943-0199');												
INSERT INTO Passenger VALUES												
(1008,'Jolie','Angelina','F','Florida','4199-4938-1094-8432','a.jolie@gmail.com','+1(505)114-0476');												
INSERT INTO Passenger VALUES												
(1009,'Padukone','Deepika','F','Alabama','5917-1047-7091-1058','d.padukone@gmail.com','+1(469)107-3309');												
INSERT INTO Passenger VALUES												
(1010,'Khan','Salman','M','Georgia','0010-1096-9284-7099','s.khan@gmail.com','+1(315)096-1064');												
INSERT INTO Passenger VALUES												
(1031,'Chen','Guangnan','M','Georgia','4000-2000-3000-4000','guangnan@gmail.com','+1(678)557-9576');												
INSERT INTO Passenger VALUES												
(1032,'Xie','Shiping','M','Alabama','5000-7000-2000-9000','Shiping@gmail.com','+1(678)781-7511');												
INSERT INTO Passenger VALUES												
(1033,'Jiang','Liping','F','New York','4000-0000-4000-3000','Liping@gmail.com','+1(638)277-1059');												
INSERT INTO Passenger VALUES												
(1034,'Song','Zhuying','F','California','3333-2489-7000-4105','zhuying@gmail.com','+1(400)495-1993');												
INSERT INTO Passenger VALUES												
(1035,'Ouyang','Songyun','M','Florida','7100-2678-3049-4943','Songyun@gmail.com','+1(702)958-1856');												
INSERT INTO Passenger VALUES												
(1036,'He','Chunyan','M','Georgia','4443-2867-3972-4958','Chunyan@gmail.com','+1(303)962-0481');												
INSERT INTO Passenger VALUES												
(1037,'Feng','Cuihua','F','Tennessee','7732-2787-3001-4011','cuihua@gmail.com','+1(306)943-0199');												
INSERT INTO Passenger VALUES												
(1038,'Zhang','Angela','F','Alabama','5199-4938-1094-8432','Angela@gmail.com','+1(405)114-0476');												
INSERT INTO Passenger VALUES												
(1039,'Li','Deepika','F','Tennessee','5917-1047-7091-1058','d.padukone@gmail.com','+1(469)107-3309');												
INSERT INTO Passenger VALUES												
(1040,'Huang','Wenjie','M','Florida','2010-1096-9284-7099','Weijie@gmail.com','+1(415)096-1064');												
INSERT INTO Passenger VALUES												
(1041,'Zhao','Xiaobing','M','Georgia','2000-2000-3000-4000','Xiaobing@gmail.com','+1(444)514-9576');												
INSERT INTO Passenger VALUES												
(1042,'Wang','Taosheng','M','Tennessee','5000-7000-2000-9000','Taosheng@gmail.com','+1(658)086-7511');												
INSERT INTO Passenger VALUES												
(1043,'Mai','Qi','F','New York','5000-0000-5000-3000','Qimai@gmail.com','+1(938)277-1059');												
INSERT INTO Passenger VALUES												
(1044,'Ding','Jia','F','California','1234-5689-7000-4105','JiaDing@gmail.com','+1(100)495-1993');												
INSERT INTO Passenger VALUES												
(1045,'Deng','Xingming','M','Tennessee','1100-3378-3049-4943','Xingming@gmail.com','+1(602)658-1856');												
INSERT INTO Passenger VALUES												
(1046,'Liu','Tao','M','Georgia','2243-2867-3972-4958','TaoLiu@gmail.com','+1(403)962-0481');												
INSERT INTO Passenger VALUES												
(1047,'Wu','Bei','F','Florida','3332-2787-3001-4011','Beiwu@gmail.com','+1(206)943-0199');												
INSERT INTO Passenger VALUES												
(1048,'Han','Xue','F','Alabama','4909-4938-1094-8432','Xuehan@gmail.com','+1(505)786-0476');												
INSERT INTO Passenger VALUES												
(1049,'Xi','Dada','F','Florida','6917-1047-7091-1058','DadaXi@gmail.com','+1(678)167-3309');												
INSERT INTO Passenger VALUES												
(1050,'Zha','Quanxing','M','Alabama','0010-1000-9284-7099','Quanxing@gmail.com','+1(404)096-1064');												
INSERT INTO Passenger VALUES												
(1051,'Sonu','nigam','M','New York','1111-2000-3000-4000','s,nigam@gmail.com','+1(444)344-9576');												
insert INTO Passenger VALUES												
(1052,'Menon','KK','M','California','44444-7000-2000-9000','kk.menon@gmail.com','+1(658)561-7511');												
INSERT INTO Passenger VALUES												
(1053,'Singh','Aarti','F','Georgia','5555-0000-4000-3000','aarti.singh@gmail.com','+1(938)277-4578');												
INSERT INTO Passenger VALUES												
(1054,'Garg','Shelly','F','Florida','1223-2489-7000-4105','shelly.garg@gmail.com','+1(100)485-1993');												
INSERT INTO Passenger VALUES												
(1055,'Modi','Narendra','M','Alabama','1234-2678-3049-4943','n.modi@gmail.com','+1(602)958-1156');												
INSERT INTO Passenger VALUES												
(1056,'Rathi','Amit','M','Tennessee','7777-2867-3972-4958','a.rathi@gmail.com','+1(203)962-7881');												
insert INTO Passenger VALUES												
(1057,'kapoor','Yamini','F','New York','8888-2787-3001-4011','y.kapoor@gmail.com','+1(106)943-0009');												
INSERT INTO Passenger VALUES												
(1058,'Barrymore','Drew','F','California','9999-4938-1094-8432','d.barrymore@gmail.com','+1(505)114-1276');												
INSERT INTO Passenger VALUES												
(1059,'Hassan','Shruti','F','Georgia','9990-1047-7091-1058','s.hassan@gmail.com','+1(469)107-4567');												
INSERT INTO Passenger VALUES												
(1060,'Roshan','Hrithik','M','Florida','1141-1096-9284-7099','h.roshan@gmail.com','+1(315)096-0000');												
INSERT INTO Passenger VALUES												
(1061,'Jain','Mudit','M','Alabama','1111-2000-1111-4000','m.jain@gmail.com','+1(444)344-1111');												
insert INTO Passenger VALUES												
(1062,'Pandya','Hardik','M','Tennessee','44444-7000-2222-9000','h.pandyan@gmail.com','+1(658)561-1112');												
insert INTO Passenger VALUES												
(1063,'Surana','Aditi','F','New York','5555-0000-3333-3000','a.surana@gmail.com','+1(938)277-2223');												
insert INTO Passenger VALUES												
(1064,'Thomas','Shirlene','F','California','1223-2489-4444-4105','s.thomas@gmail.com','+1(100)485-3333');												
INSERT INTO Passenger VALUES												
(1065,'Contracter','Narry','M','Georgia','1234-2678-5555-4943','n.contracter@gmail.com','+1(602)958-4444');												
INSERT INTO Passenger VALUES												
(1066,'Pal','Gaurav','M','Florida','7777-2867-6666-4958','g.pal@gmail.com','+1(203)962-5555');												
insert INTO Passenger VALUES												
(1067,'Nalla','Haritha','F','Alabama','8888-2787-7777-4011','h.nalla@gmail.com','+1(106)943-6666');												
INSERT INTO Passenger VALUES												
(1068,'Joshi','Geeta','F','Tennessee','9999-4938-8888-8432','g.joshi@gmail.com','+1(505)114-7778');												
INSERT INTO Passenger VALUES												
(1069,'Kapoor','Kareena','F','New York','9990-1047-9999-1058','ka.kapoor@gmail.com','+1(469)107-8898');												
insert INTO Passenger VALUES												
(1070,'Shroff','Tiger','M','California','1141-1096-1212-7099','t.shroff@gmail.com','+1(315)096-4500');												
INSERT INTO Passenger VALUES												
(1071,'Chan','Jenny','F','Alabama','4042-2222-2356-4000','jenny.C@gmail.com','+1(404)222-1313');												
insert INTO Passenger VALUES												
(1072,'Li','Sara','F','Florida','2341-2345-3456-2345','sara.l@gmail.com','+1(770)341-2221');												
insert INTO Passenger VALUES												
(1073,'Cheung','Kevin','M','New York','2346-4567-2462-1316','kevin.c@gmail.com','+1(770)123-9933');												
insert INTO Passenger VALUES												
(1074,'Cho','John','M','Georgia','1005-2357-2336-9694','john.c@gmail.com','+1(404)382-8852');												
INSERT INTO Passenger VALUES												
(1075,'Grace','Mary','F','Tennessee','1384-9296-2057-1952','grace.m@gmail.com','+1(205)397-3963');												
INSERT INTO Passenger VALUES												
(1076,'Ma','Elizabeth','F','California','2634-7747-3362-3935','elizabeth.M@gmail.com','+1(125)347-6622');												
insert INTO Passenger VALUES												
(1077,'Yu','Tina','F','New York','1111-2373-3693-9396','tina.yu@gmail.com','+1(936)236-7363');												
INSERT INTO Passenger VALUES												
(1078,'Lee','Chris','M','Tennessee','7745-2622-3457-9293','chris.lee@gmail.com','+1(362)233-9946');												
INSERT INTO Passenger VALUES												
(1079,'Wang','Paul','M','New York','1952-3336-7725-9396','pual.wang@gmail.com','+1(252)364-1001');												
insert INTO Passenger VALUES												
(1080,'Wong','Ronald','M','New York','1126-3951-2926-0092','ronad.wong@gmail.com','+1(236)447-4746');												
INSERT INTO Passenger VALUES												
(1081,'Cheng','Ava','F','Alabama','2910-1040-1151-1042','ava.cheng@gmail.com','+1(404)267-1133');												
insert INTO Passenger VALUES												
(1082,'Kim','Grace','F','Georgia','1040-1204-4572-2295','gracekim@gmail.com','+1(404)222-1318');												
insert INTO Passenger VALUES												
(1083,'Shang','Jessica','F','Florida','1040-1252-3063-1262','jessica.s@gmail.com','+1(770)925-9592');												
insert INTO Passenger VALUES												
(1084,'Carter','Taylor','M','New York','1040-2363-9294-936','taylor.c@gmail.com','+1(295)127-5128');												
INSERT INTO Passenger VALUES												
(1085,'Ho','Joel','M','California','1296-3461-4568-3936','joel.ho@gmail.com','+1(262)334-3336');												
INSERT INTO Passenger VALUES												
(1086,'Fang','Shu','F','California','2373-4964-3274-7456','shufang@gmail.com','+1(393)292-4496');												
insert INTO Passenger VALUES												
(1087,'Zhou','Zelia','F','Alabama','1733-3942-3936-2263','zelia.z@gmail.com','+1(346)238-7397');												
INSERT INTO Passenger VALUES												
(1088,'Wang','Kexin','F','Florida','7365-2172-1267-2373','kexin.wang@gmail.com','+1(262)234-9206');												
INSERT INTO Passenger VALUES												
(1089,'Kim','Jen','F','Florida','1040-3363-9925-2962','kiml.jen@gmail.com','+1(236)457-1155');												
insert INTO Passenger VALUES												
(1090,'Lee','Bruce','M','Tennessee','1195-3236-2161-0362','bruce.l@gmail.com','+1(125)952-6925');												
INSERT INTO Passenger VALUES												
(1011,'Messi','Lionel','M','Alabama','1472-1947-1957-3958','l.messi@gmail.com','+1(684)100-8372');												
INSERT INTO Passenger VALUES												
(1012,'Hernandes','Xavi','M','Georgia','0947-4778-1039-6901','x.hernandes@gmail.com','+1(658)019-7511');												
INSERT INTO Passenger VALUES												
(1013,'Alonso','Xabi','M','Tennessee','9283-7019-9281-4829','x.alonso@gmail.com','+1(938)891-1059');												
INSERT INTO Passenger VALUES												
(1014,'Muller','Thomas','M','Florida','4039-2602-7382-0192','t.muller@gmail.com','+1(100)368-1993');												
INSERT INTO Passenger VALUES												
(1015,'Scholes','Paul','M','New York','6893-1029-0019-4463','p.scholes@gmail.com','+1(602)999-1856');												
INSERT INTO Passenger VALUES												
(1016,'Neville','Gary','M','California','1943-2867-3972-4958','g.neville@gmail.com','+1(203)631-0481');												
INSERT INTO Passenger VALUES												
(1017,'Ferdinand','Rio','M','Tennessee','1964-5027-2019-1958','r.ferdinand@gmail.com','+1(106)702-0199');												
INSERT INTO Passenger VALUES												
(1018,'Vidic','Nemanja','M','California','1109-8019-0059-8693','n.vidic@gmail.com','+1(505)114-7019');												
INSERT INTO Passenger VALUES												
(1019,'Ibrahimovic','Zlatan','M','Alabama','5917-1047-7201-5058','z.ibra@gmail.com','+1(196)107-3309');												
INSERT INTO Passenger VALUES												
(1020,'Shaw','Luke','M','Tennessee','0002-1097-92854-7029','l.shaw@gmail.com','+1(875)096-1064');												
INSERT INTO Passenger VALUES												
(1021,'Verma','Deepika','F','Florida','1925-9082-5921-3011','d.verma@gmail.com','+1(444)000-9576');												
INSERT INTO Passenger VALUES												
(1022,'Bagga','Sukham','F','Georgia','8171-8307-1002-8013','s.bagga@gmail.com','+1(658)081-6755');												
INSERT INTO Passenger VALUES												
(1023,'Mittal','Manasi','F','Tennessee','8701-1966-6799-8902','m.mittal@gmail.com','+1(938)888-9241');												
INSERT INTO Passenger VALUES												
(1024,'Fernandes','Jackqueline','F','New York','1299-2450-7075-4199','j.fernandes@gmail.com','+1(666)495-1993');												
INSERT INTO Passenger VALUES												
(1025,'Zinta','Preity','F','California','1009-2678-8808-5690','p.zinta@gmail.com','+1(109)958-1856');												
INSERT INTO Passenger VALUES												
(1026,'Bindal','Akanksha','F','Alabama','3486-6986-7394-4790','a.bindal@gmail.com','+1(570)962-0481');												
INSERT INTO Passenger VALUES												
(1027,'Saini','Abhilasha','F','Florida','1944-2752-3005-4049','a.saini@gmail.com','+1(009)943-0199');												
INSERT INTO Passenger VALUES												
(1028,'Panesar','Isha','F','Alabama','0099-4903-6894-5332','i.panesar@gmail.com','+1(448)114-0476');												
INSERT INTO Passenger VALUES												
(1029,'Chauhan','Sonal','F','New York','6417-1037-3991-1085','s.chauhan@gmail.com','+1(469)957-3309');												
INSERT INTO Passenger VALUES												
(1030,'Vashisht','Priya','F','Florida','0070-1084-9288-7058','p.vashisht@gmail.com','+1(315)682-1064');												
												
												
Create table Zone (												
	State varchar(30) NOT NULL,											
	ZoneNumber int NOT NULL,											
	PRIMARY KEY (State));											
Insert into Zone values												
('MaryLand', 1);												
Insert into Zone values												
('New Jersey',1);												
Insert into Zone values												
('California',1);												
Insert into Zone values												
('New York',1);												
Insert into Zone values												
('Rhode Island',2);												
Insert into Zone values												
('Ohio',2);												
Insert into Zone values												
('Georgia',2);												
Insert into Zone values												
('Florida',2);												
Insert into Zone values												
('Texas',2);												
Insert into Zone values												
('Alabama',3);												
Insert into Zone values												
('Tennessee',3);												
												
												
Create table CarInfo (												
	DriverID int references Driver,											
	RegisterNo varchar (30),											
	CarType varchar (30),											
	CarMake varchar (30),											
	CarColor varchar (30),											
	PRIMARY KEY (DriverID)											
);												
												
Insert into CarInfo value												
(11111,'ABC 984','Standard','Toyota','White');												
Insert into CarInfo value												
(11112,'GEJ 2662','Minivan','Toyota','Silver');												
Insert into CarInfo value												
(11113,'QRS 2214','Luxury','BMW','Black');												
Insert into CarInfo value												
(11114,'WXA836','Minivan','Honda','Silver');												
Insert into CarInfo value												
(11115,'CDE 841','Standard','Toyota','Silver');												
Insert into CarInfo value												
(11116,'FGH 841','Standard','Toyota','Silver');												
Insert into CarInfo value												
(11117,'ZAW 529','Minivan','Nissan','Grey');												
Insert into CarInfo value												
(11118,'TUV 856','Luxury', 'Lexus','Blue');												
Insert into CarInfo value												
(11119,'JKL 294','Standard','Ford','Silver');												
Insert into CarInfo value												
(11120,'MNP 682','Luxury','Acura','Black');												
Insert into CarInfo value												
(11121,'ABC 6392','Standard','Chevorlet','White');												
Insert into CarInfo value												
(11122,'GEJ 2583','Minivan','Nissan','Silver');												
Insert into CarInfo value												
(11123,'QRS 2920','Luxury','Kia','Black');												
Insert into CarInfo value												
(11124,'WXA8840','Minivan','Hyundai','Silver');												
Insert into CarInfo value												
(11125,'CDE 510','Standard','Nissan','Silver');												
Insert into CarInfo value												
(11126,'FGH 599','Standard','Honda','Silver');												
Insert into CarInfo value												
(11127,'ZAW 300','Minivan','Ford','Grey');												
Insert into CarInfo value												
(11128,'TUV 373','Luxury', 'Honda','Blue');												
Insert into CarInfo value												
(11129,'JKL 549','Standard','Toyota','Silver');												
Insert into CarInfo value												
(11130,'MNP 328','Luxury','Nissan','Black');												
Insert into CarInfo value												
(11131,'ABC 248','Standard','Hyundai','White');												
Insert into CarInfo value												
(11132,'GEJ 1626','Minivan','Ford','Silver');												
Insert into CarInfo value												
(11133,'QRS 241','Luxury','Toyota','Black');												
Insert into CarInfo value												
(11134,'WXA563','Minivan','Dodge','Silver');												
Insert into CarInfo value												
(11135,'CDE 214','Standard','Ford','Silver');												
Insert into CarInfo value												
(11136,'FGH 114','Standard','BMW','Silver');												
Insert into CarInfo value												
(11137,'ZAW 392','Minivan','Mercedes','Grey');												
Insert into CarInfo value												
(11138,'TUV 765','Luxury', 'Toyota','Blue');												
Insert into CarInfo value												
(11139,'JKL 749','Standard','Nissan','Silver');												
Insert into CarInfo value												
(11140,'MNP 228','Luxury','Honda','Black');												
Insert into CarInfo value												
(11141,'ABC 999','Standard','Toyota','White');												
Insert into CarInfo value												
(11142,'GEJ 2773','Minivan','Toyota','Silver');												
Insert into CarInfo value												
(11143,'QRS 2914','Luxury','BMW','Black');												
Insert into CarInfo value												
(11144,'WXA888','Minivan','Honda','Silver');												
Insert into CarInfo value												
(11145,'CDE 541','Standard','Builk','Silver');												
Insert into CarInfo value												
(11146,'FGH 551','Standard','Toyota','Silver');												
Insert into CarInfo value												
(11147,'ZAW 329','Minivan','Nissan','Grey');												
Insert into CarInfo value												
(11148,'TUV 356','Luxury', 'Lexus','Blue');												
Insert into CarInfo value												
(11149,'JKL 594','Standard','Ford','Silver');												
Insert into CarInfo value												
(11150,'MNP 382','Luxury','Acura','Black');												
Insert into CarInfo value												
(11151,'ABC 284','Standard','Builk','White');												
Insert into CarInfo value												
(11152,'GEJ 1662','Minivan','Toyota','Silver');												
Insert into CarInfo value												
(11153,'QRS 214','Luxury','BMW','Black');												
Insert into CarInfo value												
(11154,'WXA536','Minivan','Honda','Silver');												
Insert into CarInfo value												
(11155,'CDE 241','Standard','Toyota','Silver');												
Insert into CarInfo value												
(11156,'FGH 141','Standard','Builk','Silver');												
Insert into CarInfo value												
(11157,'ZAW 329','Minivan','Nissan','Grey');												
Insert into CarInfo value												
(11158,'TUV 756','Luxury', 'Lexus','Blue');												
Insert into CarInfo value												
(11159,'JKL 794','Standard','Ford','Silver');												
Insert into CarInfo value												
(11160,'MNP 282','Luxury','Acura','Black');												
Insert into CarInfo value												
(11161,'ABC 909','Standard','Audi','White');												
Insert into CarInfo value												
(11162,'GEJ 1221','Minivan','Maruti','Silver');												
Insert into CarInfo value												
(11163,'QRS 4582','Luxury','BMW','Green');												
Insert into CarInfo value												
(11164,'WXA 7852','Minivan','Honda','Grey');												
Insert into CarInfo value												
(11165,'CDE 8441','Standard','Builk','Black');												
Insert into CarInfo value												
(11166,'FGH 542','Standard','VW','Silver');												
Insert into CarInfo value												
(11167,'ZAW 789','Minivan','Toyota','White');												
Insert into CarInfo value												
(11168,'ABV 478','Luxury', 'Lexus','Blue');												
insert into CarInfo value												
(11169,'BHG 452','Standard','Ford','Silver');												
Insert into CarInfo value												
(11170,'MNP 782','Luxury','Acura','Black');												
Insert into CarInfo value												
(11171,'AGC 428','Standard','Builk','White');												
Insert into CarInfo value												
(11172,'GEJ 4528','Minivan','Toyota','Silver');												
Insert into CarInfo value												
(11173,'QRS 452','Luxury','BMW','Black');												
Insert into CarInfo value												
(11174,'WXA 4527','Minivan','Honda','Silver');												
Insert into CarInfo value												
(11175,'CDE 7852','Standard','Toyota','Silver');												
Insert into CarInfo value												
(11176,'FGH 4529','Standard','Builk','Silver');												
Insert into CarInfo value												
(11177,'ZAW 7524','Minivan','Nissan','Grey');												
Insert into CarInfo value												
(11178,'TUV 756','Luxury', 'Lexus','Blue');												
Insert into CarInfo value												
(11179,'RKL 1055','Standard','Ford','Silver');												
insert into CarInfo value												
(11180,'HNJ 4552','Luxury','Acura','Black');												
Insert into CarInfo value												
(11181,'ABC 452','Standard','Audi','White');												
insert into CarInfo value												
(11182,'GEJ 1781','Minivan','Maruti','Silver');												
Insert into CarInfo value												
(11183,'QRS 4527','Luxury','BMW','Green');												
insert into CarInfo value												
(11184,'WXA 5555','Minivan','Honda','Grey');												
Insert into CarInfo value												
(11185,'CDE 9999','Standard','Builk','Black');												
Insert into CarInfo value												
(11186,'FGH 400','Standard','VW','Silver');												
insert into CarInfo value												
(11187,'ZAW 709','Minivan','Toyota','White');												
Insert into CarInfo value												
(11188,'ABV 448','Luxury', 'Lexus','Blue');												
insert into CarInfo value												
(11189,'BHG 222','Standard','Ford','Silver');												
Insert into CarInfo value												
(11190,'MNP 332','Luxury','Acura','Black');												
Insert into CarInfo value												
(11191,'AGC 8888','Standard','Builk','White');												
insert into CarInfo value												
(11192,'GEJ 7805','Minivan','Toyota','Silver');												
Insert into CarInfo value												
(11193,'QRS 4508','Luxury','BMW','Black');												
Insert into CarInfo value												
(11194,'WXA 4528','Minivan','Honda','Silver');												
Insert into CarInfo value												
(11195,'CDE 4507','Standard','Toyota','Silver');												
Insert into CarInfo value												
(11196,'FGH 1205','Standard','Builk','Silver');												
Insert into CarInfo value												
(11197,'ZAW 1105','Minivan','Nissan','Grey');												
Insert into CarInfo value												
(11198,'UVV 755','Luxury', 'Lexus','Blue');												
Insert into CarInfo value												
(11199,'RKL 1445','Standard','Ford','Silver');												
insert into CarInfo value												
(11200,'HNJ 4412','Luxury','Acura','Black');												
												
												
Create table PricingInformation (												
	Zone TINYINT NOT NULL,											
	TimeOfDay VARCHAR(15) NOT NULL,											
	TypeOfCar VARCHAR(9) NOT NULL,											
	Rate_per_Mile FLOAT NOT NULL,											
	PRIMARY KEY (Zone,TimeOfDay,TypeOfCar)											
);												
												
INSERT INTO PricingInformation values												
(1,'RushHour','Standard',2.50);												
INSERT INTO PricingInformation values												
(1,'RushHour','Luxury',3.75);												
INSERT INTO PricingInformation values												
(1,'RushHour','MiniVan',3.13);												
INSERT INTO PricingInformation values												
(1,'NonRushHour','Standard',2.00);												
INSERT INTO PricingInformation values												
(1,'NonRushHour','Luxury',3.38);												
INSERT INTO PricingInformation values												
(1,'NonRushHour','MiniVan',2.81);												
												
												
												
INSERT INTO PricingInformation values												
(2,'RushHour','Standard',2.25);												
INSERT INTO PricingInformation values												
(2,'RushHour','Luxury',3.38);												
INSERT INTO PricingInformation values												
(2,'RushHour','MiniVan',2.81);												
INSERT INTO PricingInformation values												
(2,'NonRushHour','Standard',1.80);												
INSERT INTO PricingInformation values												
(2,'NonRushHour','Luxury',3.04);												
INSERT INTO PricingInformation values												
(2,'NonRushHour','MiniVan',2.53);												
												
												
INSERT INTO PricingInformation values												
(3,'RushHour','Standard',2.03);												
INSERT INTO PricingInformation values												
(3,'RushHour','Luxury',3.04);												
INSERT INTO PricingInformation values												
(3,'RushHour','MiniVan',2.53);												
INSERT INTO PricingInformation values												
(3,'NonRushHour','Standard',1.62);												
INSERT INTO PricingInformation values												
(3,'NonRushHour','Luxury',2.73);												
INSERT INTO PricingInformation values												
(3,'NonRushHour','MiniVan',2.28);												
												
Create table BookingInformation (												
	BookingID varchar(20) NOT NULL,											
	PassengerID int references Passenger,											
	DriverID int references Driver,											
	NoPassenger tinyint NOT NULL,											
	PickUpDateTime TIMESTAMP NULL DEFAULT CURRENT_TIMESTAMP,											
	PickUpLoc varchar(50) NOT NULL,											
	DropLoc varchar(50) NOT NULL,											
	BookingState varchar(50) NOT NULL,											
	Distance float NOT NULL,											
	PRIMARY KEY (BookingID));											
												
insert into BookingInformation values('B101',1001,11111,2, '2016-11-06 04:10:20', 'Univ of Alabama','Airport','Alabama', 45);												
insert into BookingInformation values('B102',1002,11112,3, '2016-11-01 08:30:00', 'Central Park','Airport','New York', 30);												
insert into BookingInformation values('B103',1003,11113,4, '2016-11-06 04:00:00', 'Cupertino','Golden gate bridge','California', 20);												
insert into BookingInformation values('B104',1004,11114,1, '2016-08-16 11:50:00', 'Wall Street','Empire State Bulding','New York', 12);												
insert into BookingInformation values('B105',1005,11115,2, '2016-05-08 16:40:00', 'Patel Store','AMC De Kalp Mall','Georgia', 35);												
insert into BookingInformation values('B106',1006,11116,3, '2016-02-06 08:08:00', 'Freemont','SantaMonica','California', 27);												
insert into BookingInformation values('B107',1007,11117,4, '2016-01-01 02:50:00', 'Lake Land High School','Airport','Florida', 54);												
insert into BookingInformation values('B108',1008,11118,1, '2016-11-06 03:45:00', 'Jackson Hospital','Locust Street','Alabama', 11);												
insert into BookingInformation values('B109',1009,11119,3, '2016-04-16 16:15:00', 'Adair Park','Downtown','Florida', 24);												
insert into BookingInformation values('B110',1010,11120,2, '2016-03-08 18:25:00', 'Buckhead','Lindberg','Georgia', 08);												
												
insert into BookingInformation values('B111',1011,11121,2, '2016-10-06 04:10:20', 'New York University','Airport','New York', 41);												
insert into BookingInformation values('B112',1012,11122,3, '2016-10-01 08:30:00', 'Crooked Street','San Diego','California', 20);												
insert into BookingInformation values('B113',1013,11123,4, '2016-10-06 04:00:00', 'UT knoxville','Airport','Tennessee', 23);												
insert into BookingInformation values('B114',1014,11124,1, '2016-08-16 11:50:00', 'Lake Bonny Park','Florida State University','Florida', 14);												
insert into BookingInformation values('B115',1015,11125,2, '2016-09-08 16:40:00', 'San Jose','Freemont','California', 36);												
insert into BookingInformation values('B116',1016,11126,3, '2016-04-06 08:08:00', 'Alabama State University','Colverdale Park','Alabama', 57);												
insert into BookingInformation values('B117',1017,11127,4, '2016-02-01 02:50:00', 'Cunningham Park','Alley Pond Park','New York', 24);												
insert into BookingInformation values('B118',1018,11128,1, '2016-10-06 03:45:00', 'Airport','Johns Creek','Georgia', 13);												
insert into BookingInformation values('B119',1019,11129,3, '2016-05-16 16:15:00', 'Peterson Park','Cleveland Heights Pharmacy','Florida', 26);												
insert into BookingInformation values('B120',1020,11130,2, '2016-06-08 18:25:00', 'Montgomery Country Club','Forest Park','Alabama', 40);												
												
insert into BookingInformation values('B121',1021,11131,2, '2016-01-06 04:10:20', 'Stone Mountain','Downtown','Georgia', 10);												
insert into BookingInformation values('B122',1022,11132,3, '2016-01-01 08:30:00', 'University of California','SJSU','California', 20);												
insert into BookingInformation values('B123',1023,11133,4, '2016-10-06 04:00:00', 'Greenwood Cemetry','Forest Hills Drive','Alabama', 30);												
insert into BookingInformation values('B124',1024,11134,1, '2016-03-16 11:50:00', 'YMCA West Florida','Party City','Florida', 42);												
insert into BookingInformation values('B125',1025,11135,2, '2016-04-08 16:40:00', 'Nashville ','Ascend Amphi theatre','Tennessee', 45);												
insert into BookingInformation values('B126',1026,11136,3, '2016-05-06 08:08:00', 'Clearview Park','CrochEron Park','New York', 17);												
insert into BookingInformation values('B127',1027,11137,4, '2016-06-01 02:50:00', 'Municipal Auditorium','Nissan Stadium','Tennessee', 34);												
insert into BookingInformation values('B128',1028,11138,1, '2016-12-06 03:45:00', 'Midtown Station','College Park Station','Georgia', 10);												
insert into BookingInformation values('B129',1029,11139,3, '2016-07-16 16:15:00', 'Airport','University of Florida','Florida', 20);												
insert into BookingInformation values('B130',1030,11140,2, '2016-08-08 18:25:00', 'Vaughn Rd','Silver Ln','Alabama', 30);												
												
insert into BookingInformation values('B131',1031,11141,2, '2016-11-06 04:30:20', 'Chinatown, Manhattan','Empire State Bulding','New York', 3);												
insert into BookingInformation values('B132',1032,11142,3, '2016-11-01 08:30:20', 'Daytona International Speedway','Cypress Head Golf Course','Florida', 15);												
insert into BookingInformation values('B133',1033,11143,4, '2015-11-06 03:50:10', 'South Beach','Perferred Hotel Group','Florida', 12);												
insert into BookingInformation values('B134',1034,11144,1, '2016-08-16 10:50:00', 'Chinatown, Manhattan','Empire State Bulding','New York', 3);												
insert into BookingInformation values('B135',1035,11145,2, '2016-05-08 16:30:10',  'Great Smoky Mountains National Park','Travelodge Inn & Suites Gatlinburg','Tennessee', 3);												
insert into BookingInformation values('B136',1036,11146,3, '2016-03-06 08:30:20', 'Golden Gate Bridge','California Academy of Sciences','California', 6);												
insert into BookingInformation values('B137',1037,11147,4, '2016-01-01 02:30:20', 'Ruby Falls','The University of Tennessee at Chattanooga','Tennessee', 9);												
insert into BookingInformation values('B138',1038,11148,1, '2015-11-06 03:50:10', 'Birmingham Museum of Art','Birmingham Zoo','Alabama', 13);												
insert into BookingInformation values('B139',1039,11149,3, '2014-04-16 15:50:10',  'Tennessee Aquarium','Ruby Falls','Tennessee',8);												
insert into BookingInformation values('B140',1040,11150,2, '2016-08-08 18:31:10', 'University of Georgia','Legacy Mill Apartments','Georgia', 9);												
insert into BookingInformation values('B141',1041,11151,2, '2016-11-01 05:00:20', 'Birmingham Museum of Art','Birmingham Zoo','Alabama', 10);												
insert into BookingInformation values('B142',1042,11152,3, '2016-11-01 08:30:20', 'Birmingham Museum of Art','Birmingham Zoo','Alabama', 13);												
insert into BookingInformation values('B143',1043,11153,4, '2013-11-06 04:00:10', 'Tennessee Aquarium','Ruby Falls','Tennessee', 20);												
insert into BookingInformation values('B144',1044,11154,1, '2016-08-16 11:50:00', 'Chinatown, Manhattan','Empire State Bulding','New York', 3);												
insert into BookingInformation values('B145',1045,11155,2, '2016-05-08 16:30:10', 'Ruby Falls','The University of Tennessee at Chattanooga','Tennessee',15);												
insert into BookingInformation values('B146',1046,11156,3, '2016-02-06 08:30:20', 'Golden Gate Bridge','California Academy of Sciences','California', 6);												
insert into BookingInformation values('B147',1047,11157,4, '2016-01-01 02:30:20', 'Noccalula Falls Park','Mayan Mexican Cuisine','Alabama', 8);												
insert into BookingInformation values('B148',1048,11158,1, '2015-11-06 04:10:10', 'Noccalula Falls Park','Mayan Mexican Cuisine','Alabama', 12);												
insert into BookingInformation values('B149',1049,11159,3, '2014-04-16 16:10:10', 'Daytona International Speedway','Cypress Head Golf Course','Florida', 15);												
insert into BookingInformation values('B150',1050,11160,2, '2016-03-08 18:31:10', 'Tennessee Aquarium','Ruby Falls','Tennessee', 5);												
insert into BookingInformation values('B151',1051,11161,2, '2015-12-06 04:10:20', 'Alabama State University','Airport','Alabama', 41);												
insert into BookingInformation values('B152',1052,11162,3, '2015-11-01 08:30:00', 'Latourette','Times Square','New York', 20);												
insert into BookingInformation values('B153',1053,11163,4, '2016-01-06 04:00:00', 'Fremont High School','Santa Clara','California', 23);												
insert into BookingInformation values('B154',1054,11164,1, '2016-02-16 11:50:00', 'Piedmont Park','Georgia Aquarium','Georgia', 14);												
insert into BookingInformation values('B155',1055,11165,2, '2016-03-08 16:40:00', 'San Jose','Freemont','California', 36);												
insert into BookingInformation values('B156',1056,11166,3, '2016-04-06 08:08:00', 'Alabama State University','Colverdale Park','Florida', 57);												
insert into BookingInformation values('B157',1057,11167,4, '2016-05-01 02:50:00', 'EastLand Park','Howe High School','Tennessee', 24);												
insert into BookingInformation values('B158',1058,11168,1, '2016-12-06 03:45:00', 'Airport','Florida State University','Florida', 13);												
insert into BookingInformation values('B159',1059,11169,3, '2016-06-16 16:15:00', 'Uptown Square','Airport','Georgia', 26);												
insert into BookingInformation values('B160',1060,11170,2, '2016-04-08 18:25:00', 'Talladega National Forest','Airport','Alabama', 40);												
												
insert into BookingInformation values('B161',1061,11171,2, '2016-01-01 04:10:20', 'Magnet Middle Prep','Autry Automotive','Tennessee', 10);												
insert into BookingInformation values('B162',1062,11172,3, '2016-01-02 08:30:00', 'St Sebastian State Park','Indian River Dr','Florida', 20);												
insert into BookingInformation values('B163',1063,11173,4, '2016-10-02 04:00:00', 'Greenwood Cemetry','Forest Hills Drive','California', 30);												
insert into BookingInformation values('B164',1064,11174,1, '2016-03-12 11:50:00', 'NY Botanical Garden','NYU','New York', 42);												
insert into BookingInformation values('B165',1065,11175,2, '2016-04-04 16:40:00', 'South IngleWood Park ','Inglewood High School','Tennessee', 45);												
insert into BookingInformation values('B166',1066,11176,3, '2016-05-07 08:08:00', 'MasterRack Lodge','Unions Springs','Alabama', 17);												
insert into BookingInformation values('B167',1067,11177,4, '2016-06-08 02:50:00', 'Lenox Mall','Johns Creek','Georgia', 34);												
insert into BookingInformation values('B168',1068,11178,1, '2016-12-09 03:45:00', 'Buckhead','Alpharetta','Georgia', 10);												
insert into BookingInformation values('B169',1069,11179,3, '2016-07-14 16:15:00', 'Bronx Zoo','Manhattan','New York', 20);												
insert into BookingInformation values('B170',1070,11180,2, '2016-08-26 18:25:00', 'Vaughn Rd','Silver Ln','California', 30);												
												
insert into BookingInformation values('B171',1071,11181,1, '2016-01-11 10:30:00', 'Hilton Huntsville Hotel & Spa','U.S. Space & Rocket Center','Alabama', 6);												
insert into BookingInformation values('B172',1072,11182,1, '2016-02-27 13:35:00', 'Universal Studios Florida','The Florida Mall','Florida', 9);												
insert into BookingInformation values('B173',1073,11183,4, '2016-03-06 14:02:00', 'Central Park','New York Stock Exchange','New York', 8);												
insert into BookingInformation values('B174',1074,11184,1, '2016-05-29 13:26:00', 'Stone Mountain Park','1856 Herringbone Hollow','Georiga', 8);												
insert into BookingInformation values('B175',1075,11185,2, '2016-08-08 18:20:00', 'Ruby Falls','The University of Tennessee at Chattanooga','Tennessee', 5);												
insert into BookingInformation values('B176',1076,11186,3, '2016-01-02 09:09:00', 'Universal Studios Hollywood','Disneyland Resort','California', 35);												
insert into BookingInformation values('B177',1077,11187,4, '2016-06-07 23:50:00', 'MoMA','Museum of the Moving Image','New York', 5);												
insert into BookingInformation values('B178',1078,11188,1, '2016-07-06 18:45:00', 'Great Smoky Mountains National Park','Travelodge Inn & Suites Gatlinburg','Tennessee', 3);												
insert into BookingInformation values('B179',1079,11189,3, '2016-04-16 19:15:00', 'Rockefeller Center','Columbia University','New York', 6);												
insert into BookingInformation values('B180',1080,11190,2, '2016-06-30 18:27:00', 'World Trade Center Memorial','New York University','New York', 3);												
insert into BookingInformation values('B181',1081,11191,2, '2016-04-20 16:28:00', 'Birmingham Museum of Art','Birmingham Zoo','Alabama', 10);												
insert into BookingInformation values('B182',1082,11192,3, '2016-09-11 11:30:00', 'University of Georgia','Legacy Mill Apartments','Georgia', 8);												
insert into BookingInformation values('B183',1083,11193,4, '2016-10-16 17:45:00', 'South Beach','Perferred Hotel Group','Florida', 12);												
insert into BookingInformation values('B184',1084,11194,1, '2016-08-16 11:50:00', 'Chinatown, Manhattan','Empire State Bulding','New York', 3);												
insert into BookingInformation values('B185',1085,11195,2, '2016-06-08 10:30:00', 'Disneyland','Anaheim GardenWalk','California', 3);												
insert into BookingInformation values('B186',1086,11196,3, '2016-02-06 18:08:00', 'Golden Gate Bridge','California Academy of Sciences','California', 6);												
insert into BookingInformation values('B187',1087,11197,4, '2016-01-01 11:30:00', 'Noccalula Falls Park','Mayan Mexican Cuisine','Alabama', 8);												
insert into BookingInformation values('B188',1088,11198,1, '2016-05-06 15:45:00', 'Orlando Eye','Orlando Vineland Premium Outlets','Florida', 8);												
insert into BookingInformation values('B189',1089,11199,3, '2016-04-16 16:15:00', 'Daytona International Speedway','Cypress Head Golf Course','Florida', 15);												
insert into BookingInformation values('B190',1090,11200,2, '2016-05-08 20:25:00', 'Tennessee Aquarium','Ruby Falls','Tennessee', 5);												
												
insert into BookingInformation values('B191',1004,11116,2, '2016-01-11 10:30:00', 'Freemont','Airport','California', 6);												
insert into BookingInformation values('B192',1005,11117,1, '2016-02-27 13:35:00', 'Universal Studios Florida','The Florida Mall','Florida', 9);												
insert into BookingInformation values('B193',1003,11114,4, '2016-03-06 14:02:00', 'Central Park','New York Stock Exchange','New York', 8);												
insert into BookingInformation values('B194',1001,11115,1, '2016-05-29 13:26:00', 'Stone Mountain Park','1856 Herringbone Hollow','Georiga', 8);												
insert into BookingInformation values('B195',1002,11123,2, '2016-08-08 18:20:00', 'Ruby Falls','The University of Tennessee at Chattanooga','Tennessee', 5);												
insert into BookingInformation values('B196',1016,11113,3, '2016-01-02 09:09:00', 'Universal Studios Hollywood','Disneyland Resort','California', 35);												
insert into BookingInformation values('B197',1015,11112,4, '2016-06-07 23:50:00', 'MoMA','Museum of the Moving Image','New York', 5);												
insert into BookingInformation values('B198',1013,11135,1, '2016-07-06 18:45:00', 'Great Smoky Mountains National Park','Travelodge Inn & Suites Gatlinburg','Tennessee', 3);												
insert into BookingInformation values('B199',1024,11121,3, '2016-04-16 19:15:00', 'Rockefeller Center','Columbia University','New York', 6);												
insert into BookingInformation values('B200',1007,11111,2, '2016-06-30 18:27:00', 'World Trade Center Memorial','New York University','Alabama', 30);												
insert into BookingInformation values('B201',1029,11127,2, '2016-06-30 18:27:00', 'Airport','New York University','New York', 21);												
insert into BookingInformation values('B202',1018,11122,2, '2016-06-30 18:27:00', 'SJSU','Airport','California', 30);												
insert into BookingInformation values('B203',1025,11132,2, '2016-06-30 18:27:00', 'Airport','Caltech','California', 21);												
insert into BookingInformation values('B204',1009,11118,2, '2016-06-30 18:27:00', 'Birmingham Museum of Art','Birmingham Zoo','Alabama', 10);												
insert into BookingInformation values('B205',1011,11126,2, '2016-06-30 18:27:00', 'Alabama University','Birmingham Museum of Art','Alabama', 10);												
insert into BookingInformation values('B206',1019,11130,2, '2016-06-30 18:27:00', 'Airport','Birmingham PD','Alabama', 10);												
insert into BookingInformation values('B207',1008,11119,2, '2016-06-30 18:27:00', 'Universal Studios Florida','The Florida Mall','Florida', 9);												
insert into BookingInformation values('B208',1014,11129,2, '2016-06-30 18:27:00', 'South Beach','Florida University','Florida', 9);												
insert into BookingInformation values('B209',1021,11134,2, '2016-06-30 18:27:00', 'Florida PD','Airport','Florida', 9);												
insert into BookingInformation values('B210',1006,11120,2, '2016-06-30 18:27:00', 'Airport','Buckhead','Georgia', 42);												
insert into BookingInformation values('B211',1010,11128,2, '2016-06-30 18:27:00', 'Piedmont Dr','Georgia Tech','Georgia', 10);												
insert into BookingInformation values('B212',1012,11131,2, '2016-06-30 18:27:00', 'Lindberg','Airport','Georgia', 08);												
insert into BookingInformation values('B213',1017,11137,2, '2016-06-30 18:27:00', 'Nashivville','Airport','Tennessee', 33);												
insert into BookingInformation values('B214',1020,11145,2, '2016-06-30 18:27:00', 'Airport','UT Knoxville','Tennessee', 21);												
												
												
Create table RideHistory (												
	BookingID varchar(20) references Bookinginformation,											
	RDroptime TIMESTAMP NULL DEFAULT CURRENT_TIMESTAMP,											
	PRIMARY KEY (BookingID),											
	DriverID int references Driver,											
	PassengerID int references Passenger											
);												
												
insert into ridehistory values('B101', '2016-11-06 4:30:00', 11111, 1001);												
insert into ridehistory values('B102', '2016-11-01 08:50:00', 11112, 1002);												
insert into ridehistory values('B103', '2016-11-06 04:30:00', 11113, 1003);												
insert into ridehistory values('B104', '2016-08-16 12:50:00', 11114, 1004);												
insert into ridehistory values('B105', '2016-05-08 17:55:00', 11115, 1005);												
insert into ridehistory values('B106', '2016-02-06 08:53:00', 11116, 1006);												
insert into ridehistory values('B107', '2016-01-01 04:15:00', 11117, 1007);												
insert into ridehistory values('B108', '2016-11-06 04:15:00', 11118, 1008);												
insert into ridehistory values('B109', '2016-04-16 16:43:00', 11119, 1009);												
insert into ridehistory values('B110', '2016-03-08 19:05:00', 11120, 1010);												
insert into ridehistory values('B111', '2016-10-06 05:30:00', 11121, 1011);												
insert into ridehistory values('B112', '2016-10-01 09:30:00', 11122, 1012);												
insert into ridehistory values('B113', '2016-10-06 04:30:00', 11123, 1013);												
insert into ridehistory values('B114', '2016-08-16 12:45:00', 11124, 1014);												
insert into ridehistory values('B115', '2016-09-08 16:57:00', 11125, 1015);												
insert into ridehistory values('B116', '2016-04-06 08:45:00', 11126, 1016);												
insert into ridehistory values('B117', '2016-02-01 03:15:00', 11127, 1017);												
insert into ridehistory values('B118', '2016-10-06 04:15:00', 11128, 1018);												
insert into ridehistory values('B119', '2016-05-16 16:51:00', 11129, 1019);												
insert into ridehistory values('B120', '2016-06-08 18:55:00', 11130, 1020);												
insert into ridehistory values('B121', '2016-01-06 04:30:00', 11131, 1021);												
insert into ridehistory values('B122', '2016-01-01 09:15:00', 11132, 1022);												
insert into ridehistory values('B123', '2016-10-06 04:30:00', 11133, 1023);												
insert into ridehistory values('B124', '2016-03-16 12:55:00', 11134, 1024);												
insert into ridehistory values('B125', '2016-04-08 17:15:00', 11135, 1025);												
insert into ridehistory values('B126', '2016-05-06 08:30:00', 11136, 1026);												
insert into ridehistory values('B127', '2016-06-01 03:30:00', 11137, 1027);												
insert into ridehistory values('B128', '2016-12-06 04:15:00', 11138, 1028);												
insert into ridehistory values('B129', '2016-07-16 16:45:00', 11139, 1029);												
insert into ridehistory values('B130', '2016-08-08 18:50:00', 11140, 1030);												
insert into ridehistory values('B131', '2016-11-06 05:10:20', 11141, 1031);												
insert into ridehistory values('B132', '2016-11-01 09:10:20', 11142, 1032);												
insert into ridehistory values('B133', '2015-11-06 04:30:10', 11143, 1033);												
insert into ridehistory values('B134', '2016-08-16 11:30:10', 11144, 1034);												
insert into ridehistory values('B135', '2016-05-08 17:10:10', 11145, 1035);												
insert into ridehistory values('B136', '2016-03-06 09:10:20', 11146, 1036);												
insert into ridehistory values('B137', '2016-01-01 03:10:20', 11147, 1037);												
insert into ridehistory values('B138', '2015-11-06 04:30:10', 11148, 1038);												
insert into ridehistory values('B139', '2014-04-16 16:30:10', 11149, 1039);												
insert into ridehistory values('B140', '2016-08-08 19:11:10', 11150, 1040);												
insert into ridehistory values('B141', '2016-11-01 05:10:20', 11151, 1041);												
insert into ridehistory values('B142', '2016-11-01 09:10:20', 11152, 1042);												
insert into ridehistory values('B143', '2013-11-06 04:30:10', 11153, 1043);												
insert into ridehistory values('B144', '2016-08-16 12:30:10', 11154, 1044);												
insert into ridehistory values('B145', '2016-05-08 17:10:10', 11155, 1045);												
insert into ridehistory values('B146', '2016-02-06 09:10:20', 11156, 1046);												
insert into ridehistory values('B147', '2016-01-01 03:10:20', 11157, 1047);												
insert into ridehistory values('B148', '2015-11-06 04:30:10', 11158, 1048);												
insert into ridehistory values('B149', '2014-04-16 16:30:10', 11159, 1049);												
insert into ridehistory values('B150', '2016-03-08 19:11:10', 11160, 1050);												
insert into ridehistory values('B151', '2015-12-06 04:35:00', 11161, 1051);												
insert into ridehistory values('B152', '2015-11-01 09:25:00', 11162, 1052);												
insert into ridehistory values('B153', '2016-01-06 04:35:00', 11163, 1053);												
insert into ridehistory values('B154', '2016-02-16 12:31:00', 11164, 1054);												
insert into ridehistory values('B155', '2016-03-08 17:41:00', 11165, 1055);												
insert into ridehistory values('B156', '2016-04-06 08:45:00', 11166, 1056);												
insert into ridehistory values('B157', '2016-05-01 03:33:00', 11167, 1057);												
insert into ridehistory values('B158', '2016-12-06 04:15:00', 11168, 1058);												
insert into ridehistory values('B159', '2016-06-16 17:17:00', 11169, 1059);												
insert into ridehistory values('B160', '2016-04-08 18:51:00', 11170, 1060);												
insert into ridehistory values('B161', '2016-01-01 04:33:00', 11171, 1061);												
insert into ridehistory values('B162', '2016-01-02 08:55:00', 11172, 1062);												
insert into ridehistory values('B163', '2016-10-02 04:35:00', 11173, 1063);												
insert into ridehistory values('B164', '2016-03-12 12:22:00', 11174, 1064);												
insert into ridehistory values('B165', '2016-04-04 17:33:00', 11175, 1065);												
insert into ridehistory values('B166', '2016-05-07 08:45:00', 11176, 1066);												
insert into ridehistory values('B167', '2016-06-08 03:41:00', 11177, 1067);												
insert into ridehistory values('B168', '2016-12-09 04:22:00', 11178, 1068);												
insert into ridehistory values('B169', '2016-07-14 16:43:00', 11179, 1069);												
insert into ridehistory values('B170', '2016-08-26 18:41:00', 11180, 1070);												
insert into ridehistory values('B171', '2016-01-11 10:52:00', 11181, 1071);												
insert into ridehistory values('B172', '2016-02-27 14:02:00', 11182, 1072);												
insert into ridehistory values('B173', '2016-03-06 14:45:00', 11183, 1073);												
insert into ridehistory values('B174', '2016-05-29 13:45:00', 11184, 1074);												
insert into ridehistory values('B175', '2016-08-08 18:36:00', 11185, 1075);												
insert into ridehistory values('B176', '2016-01-02 10:02:00', 11186, 1076);												
insert into ridehistory values('B177','2016-06-07 23:50:00', 11187, 1077);												
insert into ridehistory values('B178', '2016-07-06 17:00:00', 11188, 1078);												
insert into ridehistory values('B179', '2016-04-16 19:45:00', 11189, 1079);												
insert into ridehistory values('B180', '2016-06-30 18:35:00', 11190, 1080);												
insert into ridehistory values('B181', '2016-04-20 16:55:00', 11191, 1081);												
insert into ridehistory values('B182', '2016-09-11 11:50:00', 11192, 1082);												
insert into ridehistory values('B183', '2016-10-16 18:02:00', 11193, 1083);												
insert into ridehistory values('B184', '2016-08-16 12:05:00', 11194, 1084);												
insert into ridehistory values('B185', '2016-06-08 10:45:00', 11195, 1085);												
insert into ridehistory values('B186', '2016-02-06 18:22:00', 11196, 1086);												
insert into ridehistory values('B187', '2016-01-01 11:49:00', 11197, 1087);												
insert into ridehistory values('B188', '2016-05-06 16:05:00', 11198, 1088);												
insert into ridehistory values('B189', '2016-04-16 16:45:00', 11199, 1089);												
insert into ridehistory values('B190', '2016-05-08 20:54:00', 11200, 1090);												
												
												
insert into ridehistory values('B191', '2016-01-11 11:55:00', 11116, 1004);												
insert into ridehistory values('B196', '2016-01-02 09:50:00', 11113, 1016);												
insert into ridehistory values('B200', '2016-06-30 18:45:00', 11111, 1007);												
insert into ridehistory values('B204', '2016-06-30 18:57:00', 11118, 1009);												
insert into ridehistory values('B192', '2016-02-27 13:45:00', 11117, 1005);												
insert into ridehistory values('B207', '2016-06-30 19:00:00', 11119, 1008);												
insert into ridehistory values('B194', '2016-05-29 13:49:00', 11115, 1001);												
insert into ridehistory values('B210', '2016-06-30 18:55:00', 11120, 1006);												
insert into ridehistory values('B193', '2016-03-06 14:45:00', 11114, 1003);												
insert into ridehistory values('B197', '2016-06-07 00:54:00', 11112, 1015);												
insert into ridehistory values('B195', '2016-08-08 18:54:00', 11123, 1002);												
insert into ridehistory values('B198', '2016-07-06 19:10:00', 11135, 1013);												
												
												
												
												
												
Create table Rating (												
	BookingID VARCHAR(20) REFERENCES bookinginformation,											
	PRating int (10),											
	DRating int (10),											
	PRIMARY KEY(BookingID));											
												
insert into Rating values('B101',5,5 );												
insert into Rating values('B102',4,5 );												
insert into Rating values('B103',4,5 );												
insert into Rating values('B104',4,3 );												
insert into Rating values('B105',4,4);												
insert into Rating values('B106',3,2);												
insert into Rating values('B107',5,5);												
insert into Rating values('B108', 4,5);												
insert into Rating values('B109', 4,5);												
insert into Rating values('B110',3,3);												
insert into Rating values('B111',4,4);												
insert into Rating values('B112',5,5 );												
insert into Rating values('B113',5,5 );												
insert into Rating values('B114',5,5 );												
insert into Rating values('B115',4,5 );												
insert into Rating values('B116',4,5 );												
insert into Rating values('B117',4,4 );												
insert into Rating values('B118', 5,5);												
insert into Rating values('B119', 4,5);												
insert into Rating values('B120',5,5 );												
insert into Rating values('B121',5,5 );												
insert into Rating values('B122',4,5 );												
insert into Rating values('B123',4,5 );												
insert into Rating values('B124',3,3 );												
insert into Rating values('B125',5,5);												
insert into Rating values('B126',5,5 );												
insert into Rating values('B127',5,5 );												
insert into Rating values('B128', 4,5);												
insert into Rating values('B129', 4,5);												
insert into Rating values('B130',5,5 );												
insert into Rating values('B131',5,5 );												
insert into Rating values('B132',5,5 );												
insert into Rating values('B133',4,5 );												
insert into Rating values('B134',5,5 );												
insert into Rating values('B135',5,5);												
insert into Rating values('B136',5,5 );												
insert into Rating values('B137',5,5 );												
insert into Rating values('B138', 4,5);												
insert into Rating values('B139', 4,5);												
insert into Rating values('B140',5,5 );												
insert into Rating values('B141',3,4);												
insert into Rating values('B142',4,5 );												
insert into Rating values('B143',5,5 );												
insert into Rating values('B144',5,5 );												
insert into Rating values('B145',4,5 );												
insert into Rating values('B146',4,5 );												
insert into Rating values('B147',4,4 );												
insert into Rating values('B148', 3,5);												
insert into Rating values('B149', 4,5);												
insert into Rating values('B150',5,5 );												
insert into Rating values('B151',2,3 );												
insert into Rating values('B152',4,5 );												
insert into Rating values('B153',4,5 );												
insert into Rating values('B154',3,3 );												
insert into Rating values('B155',5,5);												
insert into Rating values('B156',5,5 );												
insert into Rating values('B157',5,5 );												
insert into Rating values('B158', 5,5);												
insert into Rating values('B159',5,5);												
insert into Rating values('B160',5,5 );												
insert into Rating values('B161',4,5 );												
insert into Rating values('B162',5,5 );												
insert into Rating values('B163',5,5 );												
insert into Rating values('B164',5,5 );												
insert into Rating values('B165',4,5 );												
insert into Rating values('B166',4,4 );												
insert into Rating values('B167', 5,5);												
insert into Rating values('B168', 4,5);												
insert into Rating values('B169',5,5 );												
insert into Rating values('B170',5,5 );												
insert into Rating values('B171',5,5 );												
insert into Rating values('B172',4,5 );												
insert into Rating values('B173',4,5 );												
insert into Rating values('B174',3,3 );												
insert into Rating values('B175',5,5);												
insert into Rating values('B176',5,5 );												
insert into Rating values('B177',5,5 );												
insert into Rating values('B178', 4,5);												
insert into Rating values('B179', 4,5);												
insert into Rating values('B180',5,5 );												
insert into Rating values('B181',3,4);												
insert into Rating values('B182',4,5 );												
insert into Rating values('B183',5,5 );												
insert into Rating values('B184',5,5 );												
insert into Rating values('B185',4,5 );												
insert into Rating values('B186',4,5 );												
insert into Rating values('B187',4,4 );												
insert into Rating values('B188',5,5);												
insert into Rating values('B189',4,5);												
insert into Rating values('B190',5,5 );												